Component,Origin,License,Copyright
adler2,https://github.com/oyvindln/adler2,0BSD OR MIT OR Apache-2.0,"Jonas Schievink <jonasschievink@gmail.com>, oyvindln <oyvindln@users.noreply.github.com>"
ahash,https://github.com/tkaitchuck/ahash,MIT OR Apache-2.0,Tom Kaitchuck <Tom.Kaitchuck@gmail.com>
aho-corasick,https://github.com/BurntSushi/aho-corasick,Unlicense OR MIT,Andrew Gallant <jamslam@gmail.com>
allocator-api2,https://github.com/zakarumych/allocator-api2,MIT OR Apache-2.0,Zakarum <zaq.dev@icloud.com>
anyhow,https://github.com/dtolnay/anyhow,MIT OR Apache-2.0,David Tolnay <dtolnay@gmail.com>
async-trait,https://github.com/dtolnay/async-trait,MIT OR Apache-2.0,David Tolnay <dtolnay@gmail.com>
atomic,https://github.com/Amanieu/atomic-rs,Apache-2.0 OR MIT,Amanieu d'Antras <amanieu@gmail.com>
atomic-waker,https://github.com/smol-rs/atomic-waker,Apache-2.0 OR MIT,"Stjepan Glavina <stjepang@gmail.com>, Contributors to futures-rs"
aws-lc-rs,https://github.com/aws/aws-lc-rs,ISC AND (Apache-2.0 OR ISC),AWS-LibCrypto
aws-lc-sys,https://github.com/aws/aws-lc-rs,ISC AND (Apache-2.0 OR ISC) AND OpenSSL,AWS-LC
axum,https://github.com/tokio-rs/axum,MIT,The axum Authors
axum-core,https://github.com/tokio-rs/axum,MIT,The axum-core Authors
base64,https://github.com/marshallpierce/rust-base64,MIT OR Apache-2.0,Marshall Pierce <marshall@mpierce.org>
bitflags,https://github.com/bitflags/bitflags,MIT OR Apache-2.0,The Rust Project Developers
block-buffer,https://github.com/RustCrypto/utils,MIT OR Apache-2.0,RustCrypto Developers
buf_redux,https://github.com/abonander/buf_redux,MIT OR Apache-2.0,Austin Bonander <austin.bonander@gmail.com>
bumpalo,https://github.com/fitzgen/bumpalo,MIT OR Apache-2.0,Nick Fitzgerald <fitzgen@gmail.com>
bytemuck,https://github.com/Lokathor/bytemuck,Zlib OR Apache-2.0 OR MIT,Lokathor <zefria@gmail.com>
byteorder,https://github.com/BurntSushi/byteorder,Unlicense OR MIT,Andrew Gallant <jamslam@gmail.com>
bytes,https://github.com/tokio-rs/bytes,MIT,"Carl Lerche <me@carllerche.com>, Sean McArthur <sean@seanmonstar.com>"
cc,https://github.com/rust-lang/cc-rs,MIT OR Apache-2.0,Alex Crichton <alex@alexcrichton.com>
cfg-if,https://github.com/rust-lang/cfg-if,MIT OR Apache-2.0,Alex Crichton <alex@alexcrichton.com>
chrono,https://github.com/chronotope/chrono,MIT OR Apache-2.0,The chrono Authors
const_format,https://github.com/rodrimati1992/const_format_crates,Zlib,rodrimati1992 <rodrimatt1985@gmail.com>
const_format_proc_macros,https://github.com/rodrimati1992/const_format_crates,Zlib,rodrimati1992 <rodrimatt1985@gmail.com>
cookie,https://github.com/SergioBenitez/cookie-rs,MIT OR Apache-2.0,"Sergio Benitez <sb@sergio.bz>, Alex Crichton <alex@alexcrichton.com>"
core-foundation,https://github.com/servo/core-foundation-rs,MIT OR Apache-2.0,The Servo Project Developers
core-foundation-sys,https://github.com/servo/core-foundation-rs,MIT OR Apache-2.0,The Servo Project Developers
cpufeatures,https://github.com/RustCrypto/utils,MIT OR Apache-2.0,RustCrypto Developers
crc32fast,https://github.com/srijs/rust-crc32fast,MIT OR Apache-2.0,"Sam Rijs <srijs@airpost.net>, Alex Crichton <alex@alexcrichton.com>"
crypto-common,https://github.com/RustCrypto/traits,MIT OR Apache-2.0,RustCrypto Developers
datadog-fips,https://github.com/DataDog/serverless-components,Apache-2.0,The datadog-fips Authors
datadog-protos,https://github.com/DataDog/saluki,Apache-2.0,The datadog-protos Authors
ddsketch-agent,https://github.com/DataDog/saluki,Apache-2.0,The ddsketch-agent Authors
deranged,https://github.com/jhpratt/deranged,MIT OR Apache-2.0,Jacob Pratt <jacob@jhpratt.dev>
derive_more,https://github.com/JelteF/derive_more,MIT,Jelte Fennema <github-tech@jeltef.nl>
derive_more-impl,https://github.com/JelteF/derive_more,MIT,Jelte Fennema <github-tech@jeltef.nl>
digest,https://github.com/RustCrypto/traits,MIT OR Apache-2.0,RustCrypto Developers
displaydoc,https://github.com/yaahc/displaydoc,MIT OR Apache-2.0,Jane Lusby <jlusby@yaah.dev>
dogstatsd,https://github.com/DataDog/serverless-components,Apache-2.0,The dogstatsd Authors
either,https://github.com/rayon-rs/either,MIT OR Apache-2.0,bluss
equivalent,https://github.com/indexmap-rs/equivalent,Apache-2.0 OR MIT,The equivalent Authors
errno,https://github.com/lambda-fairy/rust-errno,MIT OR Apache-2.0,"Chris Wong <lambda.fairy@gmail.com>, Dan Gohman <dev@sunfishcode.online>"
fastrand,https://github.com/smol-rs/fastrand,Apache-2.0 OR MIT,Stjepan Glavina <stjepang@gmail.com>
figment,https://github.com/SergioBenitez/Figment,MIT OR Apache-2.0,Sergio Benitez <sb@sergio.bz>
find-msvc-tools,https://github.com/rust-lang/cc-rs,MIT OR Apache-2.0,The find-msvc-tools Authors
flate2,https://github.com/rust-lang/flate2-rs,MIT OR Apache-2.0,"Alex Crichton <alex@alexcrichton.com>, Josh Triplett <josh@joshtriplett.org>"
float-cmp,https://github.com/mikedilger/float-cmp,MIT,Mike Dilger <mike@mikedilger.com>
fnv,https://github.com/servo/rust-fnv,Apache-2.0  OR  MIT,Alex Crichton <alex@alexcrichton.com>
foldhash,https://github.com/orlp/foldhash,Zlib,Orson Peters <orsonpeters@gmail.com>
form_urlencoded,https://github.com/servo/rust-url,MIT OR Apache-2.0,The rust-url developers
futures,https://github.com/rust-lang/futures-rs,MIT OR Apache-2.0,The futures Authors
futures-channel,https://github.com/rust-lang/futures-rs,MIT OR Apache-2.0,The futures-channel Authors
futures-core,https://github.com/rust-lang/futures-rs,MIT OR Apache-2.0,The futures-core Authors
futures-executor,https://github.com/rust-lang/futures-rs,MIT OR Apache-2.0,The futures-executor Authors
futures-io,https://github.com/rust-lang/futures-rs,MIT OR Apache-2.0,The futures-io Authors
futures-macro,https://github.com/rust-lang/futures-rs,MIT OR Apache-2.0,The futures-macro Authors
futures-sink,https://github.com/rust-lang/futures-rs,MIT OR Apache-2.0,The futures-sink Authors
futures-task,https://github.com/rust-lang/futures-rs,MIT OR Apache-2.0,The futures-task Authors
futures-util,https://github.com/rust-lang/futures-rs,MIT OR Apache-2.0,The futures-util Authors
generic-array,https://github.com/fizyk20/generic-array,MIT,"Bartłomiej Kamiński <fizyk20@gmail.com>, Aaron Trent <novacrazy@gmail.com>"
getrandom,https://github.com/rust-random/getrandom,MIT OR Apache-2.0,The Rand Project Developers
glob,https://github.com/rust-lang/glob,MIT OR Apache-2.0,The Rust Project Developers
h2,https://github.com/hyperium/h2,MIT,"Carl Lerche <me@carllerche.com>, Sean McArthur <sean@seanmonstar.com>"
hashbrown,https://github.com/rust-lang/hashbrown,MIT OR Apache-2.0,Amanieu d'Antras <amanieu@gmail.com>
headers,https://github.com/hyperium/headers,MIT,Sean McArthur <sean@seanmonstar.com>
headers-core,https://github.com/hyperium/headers,MIT,Sean McArthur <sean@seanmonstar.com>
hex,https://github.com/KokaKiwi/rust-hex,MIT OR Apache-2.0,KokaKiwi <kokakiwi@kokakiwi.net>
hmac,https://github.com/RustCrypto/MACs,MIT OR Apache-2.0,RustCrypto Developers
http,https://github.com/hyperium/http,MIT OR Apache-2.0,"Alex Crichton <alex@alexcrichton.com>, Carl Lerche <me@carllerche.com>, Sean McArthur <sean@seanmonstar.com>"
http-body,https://github.com/hyperium/http-body,MIT,"Carl Lerche <me@carllerche.com>, Lucio Franco <luciofranco14@gmail.com>, Sean McArthur <sean@seanmonstar.com>"
http-body-util,https://github.com/hyperium/http-body,MIT,"Carl Lerche <me@carllerche.com>, Lucio Franco <luciofranco14@gmail.com>, Sean McArthur <sean@seanmonstar.com>"
httparse,https://github.com/seanmonstar/httparse,MIT OR Apache-2.0,Sean McArthur <sean@seanmonstar.com>
httpdate,https://github.com/pyfisch/httpdate,MIT OR Apache-2.0,Pyfisch <pyfisch@posteo.org>
hyper,https://github.com/hyperium/hyper,MIT,Sean McArthur <sean@seanmonstar.com>
hyper-http-proxy,https://github.com/metalbear-co/hyper-http-proxy,MIT,MetalBear Tech LTD <hi@metalbear.co>
hyper-rustls,https://github.com/rustls/hyper-rustls,Apache-2.0 OR ISC OR MIT,The hyper-rustls Authors
hyper-timeout,https://github.com/hjr3/hyper-timeout,MIT OR Apache-2.0,Herman J. Radtke III <herman@hermanradtke.com>
hyper-util,https://github.com/hyperium/hyper-util,MIT,Sean McArthur <sean@seanmonstar.com>
icu_collections,https://github.com/unicode-org/icu4x,Unicode-3.0,The ICU4X Project Developers
icu_locale_core,https://github.com/unicode-org/icu4x,Unicode-3.0,The ICU4X Project Developers
icu_normalizer,https://github.com/unicode-org/icu4x,Unicode-3.0,The ICU4X Project Developers
icu_normalizer_data,https://github.com/unicode-org/icu4x,Unicode-3.0,The ICU4X Project Developers
icu_properties,https://github.com/unicode-org/icu4x,Unicode-3.0,The ICU4X Project Developers
icu_properties_data,https://github.com/unicode-org/icu4x,Unicode-3.0,The ICU4X Project Developers
icu_provider,https://github.com/unicode-org/icu4x,Unicode-3.0,The ICU4X Project Developers
idna,https://github.com/servo/rust-url,MIT OR Apache-2.0,The rust-url developers
idna_adapter,https://github.com/hsivonen/idna_adapter,Apache-2.0 OR MIT,The rust-url developers
indexmap,https://github.com/bluss/indexmap,Apache-2.0 OR MIT,The indexmap Authors
indexmap,https://github.com/indexmap-rs/indexmap,Apache-2.0 OR MIT,The indexmap Authors
inlinable_string,https://github.com/fitzgen/inlinable_string,Apache-2.0 OR MIT,Nick Fitzgerald <fitzgen@gmail.com>
ipnet,https://github.com/krisprice/ipnet,MIT OR Apache-2.0,Kris Price <kris@krisprice.nz>
iri-string,https://github.com/lo48576/iri-string,MIT OR Apache-2.0,YOSHIOKA Takuma <nop_thread@nops.red>
itertools,https://github.com/rust-itertools/itertools,MIT OR Apache-2.0,bluss
itoa,https://github.com/dtolnay/itoa,MIT OR Apache-2.0,David Tolnay <dtolnay@gmail.com>
jobserver,https://github.com/rust-lang/jobserver-rs,MIT OR Apache-2.0,Alex Crichton <alex@alexcrichton.com>
js-sys,https://github.com/wasm-bindgen/wasm-bindgen/tree/master/crates/js-sys,MIT OR Apache-2.0,The wasm-bindgen Developers
lazy_static,https://github.com/rust-lang-nursery/lazy-static.rs,MIT OR Apache-2.0,Marvin Löbel <loebel.marvin@gmail.com>
libc,https://github.com/rust-lang/libc,MIT OR Apache-2.0,The Rust Project Developers
libdd-common,https://github.com/DataDog/libdatadog/tree/main/datadog-common,Apache-2.0,The libdd-common Authors
libdd-ddsketch,https://github.com/DataDog/libdatadog/tree/main/libdd-ddsketch,Apache-2.0,The libdd-ddsketch Authors
libdd-tinybytes,https://github.com/DataDog/libdatadog/tree/main/libdd-tinybytes,Apache-2.0,The libdd-tinybytes Authors
libdd-trace-normalization,https://github.com/DataDog/libdatadog/tree/main/libdd-trace-normalization,Apache-2.0,David Lee <david.lee@datadoghq.com>
libdd-trace-obfuscation,https://github.com/DataDog/libdatadog/tree/main/libdd-trace-obfuscation,Apache-2.0,Datadog Inc. <info@datadoghq.com>
libdd-trace-protobuf,https://github.com/DataDog/libdatadog/tree/main/libdd-trace-protobuf,Apache-2.0,The libdd-trace-protobuf Authors
libdd-trace-stats,https://github.com/DataDog/libdatadog/tree/main/libdd-trace-stats,Apache-2.0,The libdd-trace-stats Authors
libdd-trace-utils,https://github.com/DataDog/libdatadog/tree/main/libdd-trace-utils,Apache-2.0,The libdd-trace-utils Authors
libddwaf,https://github.com/DataDog/libddwaf-rust,Apache-2.0,"DataDog, Inc. <support@datadoghq.com>"
libddwaf-sys,https://github.com/DataDog/libddwaf-rust,Apache-2.0,"DataDog, Inc. <support@datadoghq.com>"
linux-raw-sys,https://github.com/sunfishcode/linux-raw-sys,Apache-2.0 WITH LLVM-exception OR Apache-2.0 OR MIT,Dan Gohman <dev@sunfishcode.online>
litemap,https://github.com/unicode-org/icu4x,Unicode-3.0,The ICU4X Project Developers
lock_api,https://github.com/Amanieu/parking_lot,MIT OR Apache-2.0,Amanieu d'Antras <amanieu@gmail.com>
log,https://github.com/rust-lang/log,MIT OR Apache-2.0,The Rust Project Developers
lru-slab,https://github.com/Ralith/lru-slab,MIT OR Apache-2.0 OR Zlib,Benjamin Saunders <ben.e.saunders@gmail.com>
matchers,https://github.com/hawkw/matchers,MIT,Eliza Weisman <eliza@buoyant.io>
matchit,https://github.com/ibraheemdev/matchit,MIT AND BSD-3-Clause,Ibraheem Ahmed <ibraheem@ibraheem.ca>
memchr,https://github.com/BurntSushi/memchr,Unlicense OR MIT,"Andrew Gallant <jamslam@gmail.com>, bluss"
mime,https://github.com/hyperium/mime,MIT OR Apache-2.0,Sean McArthur <sean@seanmonstar.com>
mime_guess,https://github.com/abonander/mime_guess,MIT,Austin Bonander <austin.bonander@gmail.com>
miniz_oxide,https://github.com/Frommi/miniz_oxide/tree/master/miniz_oxide,MIT OR Zlib OR Apache-2.0,"Frommi <daniil.liferenko@gmail.com>, oyvindln <oyvindln@users.noreply.github.com>, Rich Geldreich richgel99@gmail.com"
mio,https://github.com/tokio-rs/mio,MIT,"Carl Lerche <me@carllerche.com>, Thomas de Zeeuw <thomasdezeeuw@gmail.com>, Tokio Contributors <team@tokio.rs>"
multipart,http://github.com/abonander/multipart,MIT OR Apache-2.0,Austin Bonander <austin.bonander@gmail.com>
nix,https://github.com/nix-rust/nix,MIT,The nix-rust Project Developers
num-conv,https://github.com/jhpratt/num-conv,MIT OR Apache-2.0,Jacob Pratt <jacob@jhpratt.dev>
num-traits,https://github.com/rust-num/num-traits,MIT OR Apache-2.0,The Rust Project Developers
once_cell,https://github.com/matklad/once_cell,MIT OR Apache-2.0,Aleksey Kladov <aleksey.kladov@gmail.com>
openssl-probe,https://github.com/rustls/openssl-probe,MIT OR Apache-2.0,Alex Crichton <alex@alexcrichton.com>
opentelemetry,https://github.com/open-telemetry/opentelemetry-rust/tree/main/opentelemetry,Apache-2.0,The opentelemetry Authors
opentelemetry-proto,https://github.com/open-telemetry/opentelemetry-rust/tree/main/opentelemetry-proto,Apache-2.0,The opentelemetry-proto Authors
opentelemetry-semantic-conventions,https://github.com/open-telemetry/opentelemetry-rust/tree/main/opentelemetry-semantic-conventions,Apache-2.0,The opentelemetry-semantic-conventions Authors
opentelemetry_sdk,https://github.com/open-telemetry/opentelemetry-rust/tree/main/opentelemetry-sdk,Apache-2.0,The opentelemetry_sdk Authors
ordered-float,https://github.com/reem/rust-ordered-float,MIT,"Jonathan Reem <jonathan.reem@gmail.com>, Matt Brubeck <mbrubeck@limpet.net>"
ordered_hash_map,https://gitlab.com/kelderon/rs-collections,BSD-2-Clause,William Correia <william.correia@protonmail.com>
parking_lot,https://github.com/Amanieu/parking_lot,MIT OR Apache-2.0,Amanieu d'Antras <amanieu@gmail.com>
parking_lot_core,https://github.com/Amanieu/parking_lot,MIT OR Apache-2.0,Amanieu d'Antras <amanieu@gmail.com>
pear,https://github.com/SergioBenitez/Pear,MIT OR Apache-2.0,Sergio Benitez <sb@sergio.bz>
pear_codegen,https://github.com/SergioBenitez/Pear,MIT OR Apache-2.0,Sergio Benitez <sb@sergio.bz>
percent-encoding,https://github.com/servo/rust-url,MIT OR Apache-2.0,The rust-url developers
pin-project,https://github.com/taiki-e/pin-project,Apache-2.0 OR MIT,The pin-project Authors
pin-project-internal,https://github.com/taiki-e/pin-project,Apache-2.0 OR MIT,The pin-project-internal Authors
pin-project-lite,https://github.com/taiki-e/pin-project-lite,Apache-2.0 OR MIT,The pin-project-lite Authors
pin-utils,https://github.com/rust-lang-nursery/pin-utils,MIT OR Apache-2.0,Josef Brandl <mail@josefbrandl.de>
potential_utf,https://github.com/unicode-org/icu4x,Unicode-3.0,The ICU4X Project Developers
powerfmt,https://github.com/jhpratt/powerfmt,MIT OR Apache-2.0,Jacob Pratt <jacob@jhpratt.dev>
ppv-lite86,https://github.com/cryptocorrosion/cryptocorrosion,MIT OR Apache-2.0,The CryptoCorrosion Contributors
proc-macro2,https://github.com/dtolnay/proc-macro2,MIT OR Apache-2.0,"David Tolnay <dtolnay@gmail.com>, Alex Crichton <alex@alexcrichton.com>"
proc-macro2-diagnostics,https://github.com/SergioBenitez/proc-macro2-diagnostics,MIT OR Apache-2.0,Sergio Benitez <sb@sergio.bz>
prost,https://github.com/tokio-rs/prost,Apache-2.0,"Dan Burkert <dan@danburkert.com>, Lucio Franco <luciofranco14@gmail.com>, Casper Meijn <casper@meijn.net>, Tokio Contributors <team@tokio.rs>"
prost-derive,https://github.com/tokio-rs/prost,Apache-2.0,"Dan Burkert <dan@danburkert.com>, Lucio Franco <luciofranco14@gmail.com>, Casper Meijn <casper@meijn.net>, Tokio Contributors <team@tokio.rs>"
prost-types,https://github.com/tokio-rs/prost,Apache-2.0,"Dan Burkert <dan@danburkert.com>, Lucio Franco <luciofranco14@gmail.com>, Casper Meijn <casper@meijn.net>, Tokio Contributors <team@tokio.rs>"
protobuf,https://github.com/stepancheg/rust-protobuf,MIT,Stepan Koltsov <stepan.koltsov@gmail.com>
protobuf-support,https://github.com/stepancheg/rust-protobuf,MIT,Stepan Koltsov <stepan.koltsov@gmail.com>
quick-error,http://github.com/tailhook/quick-error,MIT OR Apache-2.0,"Paul Colomiets <paul@colomiets.name>, Colin Kiegel <kiegel@gmx.de>"
quinn,https://github.com/quinn-rs/quinn,MIT OR Apache-2.0,The quinn Authors
quinn-proto,https://github.com/quinn-rs/quinn,MIT OR Apache-2.0,The quinn-proto Authors
quinn-udp,https://github.com/quinn-rs/quinn,MIT OR Apache-2.0,The quinn-udp Authors
quote,https://github.com/dtolnay/quote,MIT OR Apache-2.0,David Tolnay <dtolnay@gmail.com>
r-efi,https://github.com/r-efi/r-efi,MIT OR Apache-2.0 OR LGPL-2.1-or-later,The r-efi Authors
rand,https://github.com/rust-random/rand,MIT OR Apache-2.0,"The Rand Project Developers, The Rust Project Developers"
rand_chacha,https://github.com/rust-random/rand,MIT OR Apache-2.0,"The Rand Project Developers, The Rust Project Developers, The CryptoCorrosion Contributors"
rand_core,https://github.com/rust-random/rand,MIT OR Apache-2.0,"The Rand Project Developers, The Rust Project Developers"
redox_syscall,https://gitlab.redox-os.org/redox-os/syscall,MIT,Jeremy Soller <jackpot51@gmail.com>
regex,https://github.com/rust-lang/regex,MIT OR Apache-2.0,"The Rust Project Developers, Andrew Gallant <jamslam@gmail.com>"
regex-automata,https://github.com/rust-lang/regex,MIT OR Apache-2.0,"The Rust Project Developers, Andrew Gallant <jamslam@gmail.com>"
regex-syntax,https://github.com/rust-lang/regex,MIT OR Apache-2.0,"The Rust Project Developers, Andrew Gallant <jamslam@gmail.com>"
reqwest,https://github.com/seanmonstar/reqwest,MIT OR Apache-2.0,Sean McArthur <sean@seanmonstar.com>
ring,https://github.com/briansmith/ring,Apache-2.0 AND ISC,The ring Authors
rmp,https://github.com/3Hren/msgpack-rust,MIT,"Evgeny Safronov <division494@gmail.com>, Kornel <kornel@geekhood.net>"
rmp-serde,https://github.com/3Hren/msgpack-rust,MIT,Evgeny Safronov <division494@gmail.com>
rmpv,https://github.com/3Hren/msgpack-rust,MIT,Evgeny Safronov <division494@gmail.com>
rustc-hash,https://github.com/rust-lang/rustc-hash,Apache-2.0 OR MIT,The Rust Project Developers
rustix,https://github.com/bytecodealliance/rustix,Apache-2.0 WITH LLVM-exception OR Apache-2.0 OR MIT,"Dan Gohman <dev@sunfishcode.online>, Jakub Konka <kubkon@jakubkonka.com>"
rustls,https://github.com/rustls/rustls,Apache-2.0 OR ISC OR MIT,The rustls Authors
rustls-native-certs,https://github.com/rustls/rustls-native-certs,Apache-2.0 OR ISC OR MIT,The rustls-native-certs Authors
rustls-pemfile,https://github.com/rustls/pemfile,Apache-2.0 OR ISC OR MIT,The rustls-pemfile Authors
rustls-pki-types,https://github.com/rustls/pki-types,MIT OR Apache-2.0,The rustls-pki-types Authors
rustls-webpki,https://github.com/rustls/webpki,ISC,The rustls-webpki Authors
ryu,https://github.com/dtolnay/ryu,Apache-2.0 OR BSL-1.0,David Tolnay <dtolnay@gmail.com>
safemem,https://github.com/abonander/safemem,MIT OR Apache-2.0,Austin Bonander <austin.bonander@gmail.com>
schannel,https://github.com/steffengy/schannel-rs,MIT,"Steven Fackler <sfackler@gmail.com>, Steffen Butzer <steffen.butzer@outlook.com>"
scopeguard,https://github.com/bluss/scopeguard,MIT OR Apache-2.0,bluss
security-framework,https://github.com/kornelski/rust-security-framework,MIT OR Apache-2.0,"Steven Fackler <sfackler@gmail.com>, Kornel <kornel@geekhood.net>"
security-framework-sys,https://github.com/kornelski/rust-security-framework,MIT OR Apache-2.0,"Steven Fackler <sfackler@gmail.com>, Kornel <kornel@geekhood.net>"
serde,https://github.com/serde-rs/serde,MIT OR Apache-2.0,"Erick Tryzelaar <erick.tryzelaar@gmail.com>, David Tolnay <dtolnay@gmail.com>"
serde-aux,https://github.com/iddm/serde-aux,MIT,Victor Polevoy <maintainer@vpolevoy.com>
serde-value,https://github.com/arcnmx/serde-value,MIT,arcnmx
serde_bytes,https://github.com/serde-rs/bytes,MIT OR Apache-2.0,David Tolnay <dtolnay@gmail.com>
serde_core,https://github.com/serde-rs/serde,MIT OR Apache-2.0,"Erick Tryzelaar <erick.tryzelaar@gmail.com>, David Tolnay <dtolnay@gmail.com>"
serde_derive,https://github.com/serde-rs/serde,MIT OR Apache-2.0,"Erick Tryzelaar <erick.tryzelaar@gmail.com>, David Tolnay <dtolnay@gmail.com>"
serde_html_form,https://github.com/jplatte/serde_html_form,MIT,The serde_html_form Authors
serde_json,https://github.com/serde-rs/json,MIT OR Apache-2.0,"Erick Tryzelaar <erick.tryzelaar@gmail.com>, David Tolnay <dtolnay@gmail.com>"
serde_path_to_error,https://github.com/dtolnay/path-to-error,MIT OR Apache-2.0,David Tolnay <dtolnay@gmail.com>
serde_urlencoded,https://github.com/nox/serde_urlencoded,MIT OR Apache-2.0,Anthony Ramine <n.oxyde@gmail.com>
serde_yaml,https://github.com/dtolnay/serde-yaml,MIT OR Apache-2.0,David Tolnay <dtolnay@gmail.com>
sha1,https://github.com/RustCrypto/hashes,MIT OR Apache-2.0,RustCrypto Developers
sha2,https://github.com/RustCrypto/hashes,MIT OR Apache-2.0,RustCrypto Developers
sharded-slab,https://github.com/hawkw/sharded-slab,MIT,Eliza Weisman <eliza@buoyant.io>
shlex,https://github.com/comex/rust-shlex,MIT OR Apache-2.0,"comex <comexk@gmail.com>, Fenhl <fenhl@fenhl.net>, Adrian Taylor <adetaylor@chromium.org>, Alex Touchet <alextouchet@outlook.com>, Daniel Parks <dp+git@oxidized.org>, Garrett Berg <googberg@gmail.com>"
signal-hook-registry,https://github.com/vorner/signal-hook,MIT OR Apache-2.0,"Michal 'vorner' Vaner <vorner@vorner.cz>, Masaki Hara <ackie.h.gmai@gmail.com>"
simd-adler32,https://github.com/mcountryman/simd-adler32,MIT,Marvin Countryman <me@maar.vin>
slab,https://github.com/tokio-rs/slab,MIT,Carl Lerche <me@carllerche.com>
smallvec,https://github.com/servo/rust-smallvec,MIT OR Apache-2.0,The Servo Project Developers
socket2,https://github.com/rust-lang/socket2,MIT OR Apache-2.0,"Alex Crichton <alex@alexcrichton.com>, Thomas de Zeeuw <thomasdezeeuw@gmail.com>"
stable_deref_trait,https://github.com/storyyeller/stable_deref_trait,MIT OR Apache-2.0,Robert Grosse <n210241048576@gmail.com>
static_assertions,https://github.com/nvzqz/static-assertions-rs,MIT OR Apache-2.0,Nikolai Vazquez
subtle,https://github.com/dalek-cryptography/subtle,BSD-3-Clause,"Isis Lovecruft <isis@patternsinthevoid.net>, Henry de Valence <hdevalence@hdevalence.ca>"
syn,https://github.com/dtolnay/syn,MIT OR Apache-2.0,David Tolnay <dtolnay@gmail.com>
sync_wrapper,https://github.com/Actyx/sync_wrapper,Apache-2.0,Actyx AG <developer@actyx.io>
synstructure,https://github.com/mystor/synstructure,MIT,Nika Layzell <nika@thelayzells.com>
tempfile,https://github.com/Stebalien/tempfile,MIT OR Apache-2.0,"Steven Allen <steven@stebalien.com>, The Rust Project Developers, Ashley Mannix <ashleymannix@live.com.au>, Jason White <me@jasonwhite.io>"
thiserror,https://github.com/dtolnay/thiserror,MIT OR Apache-2.0,David Tolnay <dtolnay@gmail.com>
thiserror-impl,https://github.com/dtolnay/thiserror,MIT OR Apache-2.0,David Tolnay <dtolnay@gmail.com>
thread_local,https://github.com/Amanieu/thread_local-rs,MIT OR Apache-2.0,Amanieu d'Antras <amanieu@gmail.com>
tikv-jemalloc-sys,https://github.com/tikv/jemallocator,MIT OR Apache-2.0,"Alex Crichton <alex@alexcrichton.com>, Gonzalo Brito Gadeschi <gonzalobg88@gmail.com>, The TiKV Project Developers"
tikv-jemallocator,https://github.com/tikv/jemallocator,MIT OR Apache-2.0,"Alex Crichton <alex@alexcrichton.com>, Gonzalo Brito Gadeschi <gonzalobg88@gmail.com>, Simon Sapin <simon.sapin@exyr.org>, Steven Fackler <sfackler@gmail.com>, The TiKV Project Developers"
time,https://github.com/time-rs/time,MIT OR Apache-2.0,"Jacob Pratt <open-source@jhpratt.dev>, Time contributors"
time-core,https://github.com/time-rs/time,MIT OR Apache-2.0,"Jacob Pratt <open-source@jhpratt.dev>, Time contributors"
time-macros,https://github.com/time-rs/time,MIT OR Apache-2.0,"Jacob Pratt <open-source@jhpratt.dev>, Time contributors"
tinystr,https://github.com/unicode-org/icu4x,Unicode-3.0,The ICU4X Project Developers
tinyvec,https://github.com/Lokathor/tinyvec,Zlib OR Apache-2.0 OR MIT,Lokathor <zefria@gmail.com>
tinyvec_macros,https://github.com/Soveu/tinyvec_macros,MIT OR Apache-2.0 OR Zlib,Soveu <marx.tomasz@gmail.com>
tokio,https://github.com/tokio-rs/tokio,MIT,Tokio Contributors <team@tokio.rs>
tokio-macros,https://github.com/tokio-rs/tokio,MIT,Tokio Contributors <team@tokio.rs>
tokio-rustls,https://github.com/rustls/tokio-rustls,MIT OR Apache-2.0,The tokio-rustls Authors
tokio-stream,https://github.com/tokio-rs/tokio,MIT,Tokio Contributors <team@tokio.rs>
tokio-util,https://github.com/tokio-rs/tokio,MIT,Tokio Contributors <team@tokio.rs>
tonic,https://github.com/hyperium/tonic,MIT,Lucio Franco <luciofranco14@gmail.com>
tonic-types,https://github.com/hyperium/tonic,MIT,"Lucio Franco <luciofranco14@gmail.com>, Rafael Lemos <flemos.rafael.dev@gmail.com>"
tower,https://github.com/tower-rs/tower,MIT,Tower Maintainers <team@tower-rs.com>
tower-http,https://github.com/tower-rs/tower-http,MIT,Tower Maintainers <team@tower-rs.com>
tower-layer,https://github.com/tower-rs/tower,MIT,Tower Maintainers <team@tower-rs.com>
tower-service,https://github.com/tower-rs/tower,MIT,Tower Maintainers <team@tower-rs.com>
tracing,https://github.com/tokio-rs/tracing,MIT,"Eliza Weisman <eliza@buoyant.io>, Tokio Contributors <team@tokio.rs>"
tracing-attributes,https://github.com/tokio-rs/tracing,MIT,"Tokio Contributors <team@tokio.rs>, Eliza Weisman <eliza@buoyant.io>, David Barsky <dbarsky@amazon.com>"
tracing-core,https://github.com/tokio-rs/tracing,MIT,Tokio Contributors <team@tokio.rs>
tracing-log,https://github.com/tokio-rs/tracing,MIT,Tokio Contributors <team@tokio.rs>
tracing-subscriber,https://github.com/tokio-rs/tracing,MIT,"Eliza Weisman <eliza@buoyant.io>, David Barsky <me@davidbarsky.com>, Tokio Contributors <team@tokio.rs>"
try-lock,https://github.com/seanmonstar/try-lock,MIT,Sean McArthur <sean@seanmonstar.com>
twoway,https://github.com/bluss/twoway,MIT OR Apache-2.0,bluss
typenum,https://github.com/paholg/typenum,MIT OR Apache-2.0,"Paho Lurie-Gregg <paho@paholg.com>, Andre Bogus <bogusandre@gmail.com>"
uncased,https://github.com/SergioBenitez/uncased,MIT OR Apache-2.0,Sergio Benitez <sb@sergio.bz>
unicase,https://github.com/seanmonstar/unicase,MIT OR Apache-2.0,Sean McArthur <sean@seanmonstar.com>
unicode-ident,https://github.com/dtolnay/unicode-ident,(MIT OR Apache-2.0) AND Unicode-3.0,David Tolnay <dtolnay@gmail.com>
unicode-xid,https://github.com/unicode-rs/unicode-xid,MIT OR Apache-2.0,"erick.tryzelaar <erick.tryzelaar@gmail.com>, kwantam <kwantam@gmail.com>, Manish Goregaokar <manishsmail@gmail.com>"
unsafe-libyaml,https://github.com/dtolnay/unsafe-libyaml,MIT,David Tolnay <dtolnay@gmail.com>
untrusted,https://github.com/briansmith/untrusted,ISC,Brian Smith <brian@briansmith.org>
url,https://github.com/servo/rust-url,MIT OR Apache-2.0,The rust-url developers
ustr,https://github.com/anderslanglands/ustr,BSD-2-Clause-Patent,Anders Langlands <anderslanglands@gmail.com>
utf8_iter,https://github.com/hsivonen/utf8_iter,Apache-2.0 OR MIT,Henri Sivonen <hsivonen@hsivonen.fi>
valuable,https://github.com/tokio-rs/valuable,MIT,The valuable Authors
value-bag,https://github.com/sval-rs/value-bag,Apache-2.0 OR MIT,Ashley Mannix <ashleymannix@live.com.au>
want,https://github.com/seanmonstar/want,MIT,Sean McArthur <sean@seanmonstar.com>
wasi,https://github.com/bytecodealliance/wasi,Apache-2.0 WITH LLVM-exception OR Apache-2.0 OR MIT,The Cranelift Project Developers
wasip2,https://github.com/bytecodealliance/wasi-rs,Apache-2.0 WITH LLVM-exception OR Apache-2.0 OR MIT,The wasip2 Authors
wasm-bindgen,https://github.com/wasm-bindgen/wasm-bindgen,MIT OR Apache-2.0,The wasm-bindgen Developers
wasm-bindgen-futures,https://github.com/wasm-bindgen/wasm-bindgen/tree/master/crates/futures,MIT OR Apache-2.0,The wasm-bindgen Developers
wasm-bindgen-macro,https://github.com/wasm-bindgen/wasm-bindgen/tree/master/crates/macro,MIT OR Apache-2.0,The wasm-bindgen Developers
wasm-bindgen-macro-support,https://github.com/wasm-bindgen/wasm-bindgen/tree/master/crates/macro-support,MIT OR Apache-2.0,The wasm-bindgen Developers
wasm-bindgen-shared,https://github.com/wasm-bindgen/wasm-bindgen/tree/master/crates/shared,MIT OR Apache-2.0,The wasm-bindgen Developers
web-sys,https://github.com/wasm-bindgen/wasm-bindgen/tree/master/crates/web-sys,MIT OR Apache-2.0,The wasm-bindgen Developers
web-time,https://github.com/daxpedda/web-time,MIT OR Apache-2.0,The web-time Authors
webpki-roots,https://github.com/rustls/webpki-roots,CDLA-Permissive-2.0,The webpki-roots Authors
windows-link,https://github.com/microsoft/windows-rs,MIT OR Apache-2.0,The windows-link Authors
windows-sys,https://github.com/microsoft/windows-rs,MIT OR Apache-2.0,Microsoft
windows-sys,https://github.com/microsoft/windows-rs,MIT OR Apache-2.0,The windows-sys Authors
windows-targets,https://github.com/microsoft/windows-rs,MIT OR Apache-2.0,Microsoft
windows-targets,https://github.com/microsoft/windows-rs,MIT OR Apache-2.0,The windows-targets Authors
windows_aarch64_gnullvm,https://github.com/microsoft/windows-rs,MIT OR Apache-2.0,Microsoft
windows_aarch64_gnullvm,https://github.com/microsoft/windows-rs,MIT OR Apache-2.0,The windows_aarch64_gnullvm Authors
windows_aarch64_msvc,https://github.com/microsoft/windows-rs,MIT OR Apache-2.0,Microsoft
windows_aarch64_msvc,https://github.com/microsoft/windows-rs,MIT OR Apache-2.0,The windows_aarch64_msvc Authors
windows_i686_gnu,https://github.com/microsoft/windows-rs,MIT OR Apache-2.0,Microsoft
windows_i686_gnu,https://github.com/microsoft/windows-rs,MIT OR Apache-2.0,The windows_i686_gnu Authors
windows_i686_gnullvm,https://github.com/microsoft/windows-rs,MIT OR Apache-2.0,Microsoft
windows_i686_gnullvm,https://github.com/microsoft/windows-rs,MIT OR Apache-2.0,The windows_i686_gnullvm Authors
windows_i686_msvc,https://github.com/microsoft/windows-rs,MIT OR Apache-2.0,Microsoft
windows_i686_msvc,https://github.com/microsoft/windows-rs,MIT OR Apache-2.0,The windows_i686_msvc Authors
windows_x86_64_gnu,https://github.com/microsoft/windows-rs,MIT OR Apache-2.0,Microsoft
windows_x86_64_gnu,https://github.com/microsoft/windows-rs,MIT OR Apache-2.0,The windows_x86_64_gnu Authors
windows_x86_64_gnullvm,https://github.com/microsoft/windows-rs,MIT OR Apache-2.0,Microsoft
windows_x86_64_gnullvm,https://github.com/microsoft/windows-rs,MIT OR Apache-2.0,The windows_x86_64_gnullvm Authors
windows_x86_64_msvc,https://github.com/microsoft/windows-rs,MIT OR Apache-2.0,Microsoft
windows_x86_64_msvc,https://github.com/microsoft/windows-rs,MIT OR Apache-2.0,The windows_x86_64_msvc Authors
wit-bindgen,https://github.com/bytecodealliance/wit-bindgen,Apache-2.0 WITH LLVM-exception OR Apache-2.0 OR MIT,Alex Crichton <alex@alexcrichton.com>
writeable,https://github.com/unicode-org/icu4x,Unicode-3.0,The ICU4X Project Developers
yansi,https://github.com/SergioBenitez/yansi,MIT OR Apache-2.0,Sergio Benitez <sb@sergio.bz>
yoke,https://github.com/unicode-org/icu4x,Unicode-3.0,Manish Goregaokar <manishsmail@gmail.com>
yoke-derive,https://github.com/unicode-org/icu4x,Unicode-3.0,Manish Goregaokar <manishsmail@gmail.com>
zerocopy,https://github.com/google/zerocopy,BSD-2-Clause OR Apache-2.0 OR MIT,"Joshua Liebow-Feeser <joshlf@google.com>, Jack Wrenn <jswrenn@amazon.com>"
zerocopy-derive,https://github.com/google/zerocopy,BSD-2-Clause OR Apache-2.0 OR MIT,"Joshua Liebow-Feeser <joshlf@google.com>, Jack Wrenn <jswrenn@amazon.com>"
zerofrom,https://github.com/unicode-org/icu4x,Unicode-3.0,Manish Goregaokar <manishsmail@gmail.com>
zerofrom-derive,https://github.com/unicode-org/icu4x,Unicode-3.0,Manish Goregaokar <manishsmail@gmail.com>
zeroize,https://github.com/RustCrypto/utils,Apache-2.0 OR MIT,The RustCrypto Project Developers
zerotrie,https://github.com/unicode-org/icu4x,Unicode-3.0,The ICU4X Project Developers
zerovec,https://github.com/unicode-org/icu4x,Unicode-3.0,The ICU4X Project Developers
zerovec-derive,https://github.com/unicode-org/icu4x,Unicode-3.0,Manish Goregaokar <manishsmail@gmail.com>
zmij,https://github.com/dtolnay/zmij,MIT,David Tolnay <dtolnay@gmail.com>
zstd,https://github.com/gyscos/zstd-rs,MIT,Alexandre Bury <alexandre.bury@gmail.com>
zstd-safe,https://github.com/gyscos/zstd-rs,MIT OR Apache-2.0,Alexandre Bury <alexandre.bury@gmail.com>
zstd-sys,https://github.com/gyscos/zstd-rs,MIT OR Apache-2.0,Alexandre Bury <alexandre.bury@gmail.com>
